cod_prov;nom_prov;porcen_desp;pob_tot;pob_hom;pob_muj;asexos_tactividad;asexos_templeo;asexos_tparo;hombres_tactividad;hombres_templeo;hombres_tparo;mujeres_tactividad;mujeres_templeo;mujeres_tparo;ocupados_agricultura;ocupados_construccion;ocupados_industria;ocupados_servicios;ipc_alim;ipc_bebi;ipc_vest;ipc_vivi;ipc_hoga;ipc_sani;ipc_trans;ipc_comu;ipc_ocio;ipc_ense;ipc_resta;ipc_otros;pib_prec;pib_agri;pib_indu;pib_ind_manu;pib_constr;pib_comer;pib_act_fin;pib_admin;pib_valor_brut;pib_imp_netos;group;kmeans_group;dbscan_group;em_group
1;Araba/Álava;80;336686;165743;170943;58.33;54.36;6.8;64.94;60.84;6.3;52.15;48.3;7.36;1.7;4.88;28.05;65.35;122.42;110.94;100.99;100.95;112.35;102.99;112.54;101.79;107.5;102.22;112.59;109.4;12939983;201362;3832143;3473573;400677;1946392;2434844;2891885;11707303;1232680;2;3;0;0
2;Albacete;73;387174;193676;193498;59.0;51.98;11.88;66.18;59.8;9.63;51.91;44.26;14.72;8.93;5.7;14.32;71.05;124.91;112.22;106.55;105.06;110.65;100.65;112.93;102.15;107.02;105.42;116.28;109.24;8663814;884324;1397006;1018831;465911;1559382;1440261;2091603;7838487;825327;2;3;0;0
3;Alicante/Alacant;44;1950357;963046;987311;58.41;50.7;13.22;63.68;56.54;11.23;53.36;45.09;15.5;2.12;8.88;13.55;75.47;125.63;112.59;106.79;99.05;111.75;102.82;114.18;101.77;107.64;103.41;113.39;109.62;37279735;547312;3627964;2916222;2556047;9851680;8929332;8216082;33728417;3551318;4;0;0;0
4;Almería;62;753920;385180;368740;61.16;51.44;15.87;67.63;57.62;14.76;54.53;45.1;17.35;21.5;4.65;8.28;65.57;125.04;111.76;102.37;101.34;109.4;102.99;111.78;102.34;106.23;103.67;113.73;108.12;15659622;2443690;1348695;1020119;723957;3793774;2816431;3041318;14167865;1491757;3;0;-1;0
5;Ávila;94;158407;79551;78856;53.84;47.52;11.72;60.37;53.97;10.58;47.21;40.98;13.18;10.18;7.65;10.82;71.3;124.43;111.34;104.29;109.17;111.88;103.97;112.43;102.03;106.29;101.41;119.18;108.44;3300110;141202;324441;251439;266759;645518;678479;929338;2985737;314373;2;2;0;0
6;Badajoz;62;1330178;656840;673338;57.99;47.25;18.52;64.3;54.62;15.03;51.92;40.14;22.68;9.3;5.72;10.68;74.28;128.94;112.3;101.61;99.68;109.71;99.35;112.4;101.49;102.52;104.04;111.8;109.11;12723211;1114803;1424693;989504;712482;2239124;2390063;3630016;11511181;1212030;4;1;0;0
7;Balears, Illes;17;1197261;595216;602045;63.77;57.1;10.6;67.94;61.09;10.18;59.67;53.2;11.07;0.52;9.43;6.45;83.58;123.53;113.13;106.1;101.62;111.44;107.12;112.78;102.16;108.78;105.41;115.53;108.89;30031668;154128;1806386;775341;2146768;8876564;8116266;6070699;27170811;2860857;4;0;0;0
8;Barcelona;37;5805500;2833196;2972304;62.17;56.66;8.86;66.25;60.46;8.74;58.4;53.16;8.99;0.28;5.28;16.32;78.08;121.38;111.75;108.43;103.15;112.36;104.56;111.56;101.68;108.26;102.32;112.06;107.39;173721885;723577;32134195;27764672;7393843;42489644;42975113;31456531;157172903;16548982;1;4;-1;1
9;Burgos;97;357180;178376;178804;57.59;53.08;7.82;62.06;57.79;6.88;53.09;48.35;8.93;4.7;5.65;24.45;65.22;125.43;110.69;101.92;102.06;110.91;100.98;112.84;101.9;105.59;101.3;113.48;107.98;10276704;537609;2948934;2524749;527010;1630774;1738882;1914522;9297731;978973;2;3;0;0
10;Cáceres;87;387434;191581;195853;53.26;45.18;15.13;58.63;51.04;12.94;47.94;39.38;17.82;8.55;8.5;12.22;70.7;124.85;111.17;95.32;100.06;107.05;102.42;110.53;101.8;104.4;101.58;112.88;108.66;7926526;539289;1314786;304861;595778;1230075;1393426;2098080;7171434;755092;2;2;0;0
11;Cádiz;13;1250539;615598;634941;55.12;42.82;22.31;60.71;49.21;18.93;49.77;36.7;26.27;3.68;6.38;10.05;79.9;126.38;112.33;104.01;100.28;112.04;104.71;112.73;101.4;105.28;105.73;114.27;109.21;22635742;590182;2965350;1903996;1228858;4713925;4743273;6237843;20479431;2156311;4;1;0;0
12;Castellón/Castelló;77;603952;299475;304477;56.28;48.36;14.06;60.33;52.86;12.38;52.37;44.02;15.95;2.92;7.12;18.42;71.58;125.95;111.91;110.57;101.82;113.12;104.13;114.66;101.35;105.95;102.9;115.07;107.75;16147043;429078;5233733;4811949;758542;2930316;2748923;2508262;14608854;1538189;2;2;0;0
13;Ciudad Real;64;491127;243218;247909;55.52;46.5;16.26;62.33;54.65;12.32;48.87;38.54;21.16;7.0;9.15;15.62;68.2;125.21;112.97;110.2;106.55;109.55;101.86;113.18;101.87;103.73;103.92;114.13;107.74;10832838;962771;1830190;1547223;660968;2003563;1715384;2628011;9800887;1031951;2;2;0;0
14;Córdoba;32;773997;378791;395206;55.7;45.55;18.23;63.18;54.15;14.3;48.62;37.4;23.06;8.82;6.68;10.38;74.08;125.26;112.08;105.96;99.2;111.49;104.86;113.17;101.78;106.09;103.85;113.85;108.41;14616131;1495086;1519904;1230162;780631;2674401;2786778;3966979;13223779;1392352;4;1;0;0
15;Coruña, A;16;1123426;538177;585249;53.64;48.76;9.11;57.68;52.94;8.22;49.98;44.97;10.03;5.62;6.8;13.32;74.28;123.1;112.58;106.02;103.36;112.52;101.92;113.2;101.74;106.64;99.18;112.59;108.95;27347965;971640;3953030;2597552;1762785;6169564;5622858;6262883;24742760;2605205;4;2;1;0
16;Cuenca;93;197139;99137;98002;56.3;49.9;11.39;62.16;57.13;8.11;50.22;42.38;15.62;11.23;6.75;19.58;62.45;127.28;112.46;101.98;108.72;113.46;100.78;112.63;102.02;105.57;103.08;113.72;107.26;4594001;757799;513832;288247;273704;987352;671677;952006;4156370;437631;2;2;0;0
17;Girona;71;809266;404640;404626;61.12;55.26;9.59;66.26;60.5;8.67;56.08;50.12;10.65;2.15;7.72;18.18;71.97;121.74;111.64;107.6;107.15;111.71;103.3;113.34;101.39;106.92;103.14;114.74;107.81;21355174;504047;2877101;2443136;1382527;5538267;5196307;3822602;19320851;2034323;2;3;0;0
18;Granada;58;930181;457842;472339;58.41;46.53;20.32;63.96;53.1;17.0;53.07;40.23;24.19;5.52;7.75;8.7;78.03;126.68;111.86;104.8;102.55;111.92;102.69;113.27;101.99;106.52;104.62;113.46;107.29;17140505;1088230;1549956;713568;900062;3580557;3743645;4645227;15507677;1632828;4;1;0;0
19;Guadalajara;93;274598;139118;135480;64.51;58.12;9.9;68.85;62.85;8.71;60.06;53.28;11.29;1.8;6.62;13.7;77.88;127.9;112.49;108.32;104.36;112.01;107.4;113.43;101.6;107.51;105.37;114.0;108.68;5502747;219859;1389705;826448;256396;870770;1101430;1140388;4978548;524199;2;3;0;0
20;Gipuzkoa;48;728027;355363;372664;55.09;51.02;7.38;57.26;53.54;6.5;53.07;48.68;8.25;1.58;4.8;23.3;70.3;123.22;112.1;101.84;101.88;113.32;102.91;112.14;102.08;108.83;103.12;112.77;109.98;23839000;91933;5921660;5534807;1186543;4963137;4743611;4661181;21568065;2270935;2;3;0;0
21;Huelva;45;530824;263492;267332;56.6;46.21;18.38;61.27;51.48;15.97;52.12;41.14;21.14;13.3;6.12;9.85;70.73;126.84;112.08;104.4;100.18;112.5;104.07;113.27;102.03;107.48;104.35;113.02;107.86;10763135;887316;2134574;1000517;485002;1793457;2041220;2396255;9737824;1025311;4;1;0;0
22;Huesca;93;227077;114995;112082;57.16;52.42;8.28;62.99;58.58;6.99;51.23;46.18;9.88;12.52;7.15;18.68;61.62;125.88;111.11;106.26;105.47;111.84;101.99;112.86;102.2;106.81;106.57;113.78;106.54;6802388;972723;1105405;867271;442920;1275846;1055854;1301635;6154383;648005;2;3;0;0
23;Jaén;40;620242;306866;313376;52.09;42.54;18.31;59.39;49.86;15.99;44.95;35.37;21.26;12.55;6.82;13.3;67.32;124.52;114.5;104.14;100.03;109.81;104.28;113.62;102.08;106.22;104.44;112.91;108.35;11754569;1535182;1362513;1182833;596843;1900108;2144868;3095299;10634813;1119756;4;1;0;0
24;León;85;447463;217348;230115;50.56;45.38;10.26;54.69;50.2;8.19;46.69;40.84;12.54;4.3;6.57;13.55;75.62;126.51;111.67;113.56;108.24;112.23;104.35;113.02;101.64;105.54;102.4;115.48;107.76;10224642;487420;1524493;1016874;587871;2188755;2139793;2322297;9250629;974013;2;2;0;0
25;Lleida;83;446793;228115;218678;59.16;54.81;7.36;64.84;60.66;6.45;53.32;48.8;8.44;8.48;7.43;17.0;67.12;124.78;111.05;107.94;107.07;111.99;109.12;112.45;102.08;108.25;107.48;112.01;108.78;12558913;734891;1433652;1010745;641829;3416722;2360633;2774807;11362534;1196379;2;3;0;0
26;Rioja, La;87;322490;159142;163348;59.32;53.89;9.16;64.15;59.15;7.8;54.69;48.84;10.7;5.28;7.3;27.88;59.5;123.4;112.03;110.5;104.01;111.41;103.36;112.45;101.7;107.67;101.98;114.15;109.66;8619779;476624;1987268;1687784;438925;1560662;1579983;1755185;7798647;821132;2;3;0;0
27;Lugo;43;323956;157083;166873;52.5;48.07;8.43;54.78;50.52;7.76;50.38;45.79;9.11;14.18;6.62;11.85;67.35;124.94;111.82;104.39;105.48;113.48;102.88;112.93;101.5;109.24;100.8;114.36;109.72;7395362;647279;866820;475584;399301;1781960;1294058;1701452;6690870;704492;2;2;-1;0
28;Madrid;36;6859914;3279823;3580091;63.41;56.94;10.2;67.83;61.84;8.84;59.42;52.52;11.62;0.3;5.78;9.3;84.57;124.91;111.5;105.01;102.6;110.48;100.49;107.1;102.12;108.13;103.26;113.65;108.64;237540292;162499;23091420;13175614;9638924;68316587;68867253;44835198;214911881;22628411;1;4;-1;1
29;Málaga;44;1751600;855899;895701;58.22;48.5;16.69;62.65;53.87;14.02;54.07;43.47;19.6;2.28;7.6;5.55;84.58;126.19;111.98;102.81;99.85;114.37;102.49;113.9;102.21;105.79;104.92;117.58;108.48;30776021;741095;1399899;781474;2484676;7893378;8534746;6790462;27844256;2931765;4;0;0;1
30;Murcia;11;1552457;777668;774789;59.67;52.12;12.64;65.95;58.74;10.93;53.46;45.59;14.71;11.0;6.43;11.32;71.22;125.89;112.45;105.61;100.7;113.69;103.33;112.86;101.72;107.5;102.83;113.11;108.24;32719230;1555680;5608933;4275150;1705143;7516651;6215565;7000380;29602352;3116878;4;0;1;0
31;Navarra;77;671746;332086;339660;59.05;53.22;9.88;63.32;57.54;9.12;54.92;49.03;10.74;3.28;5.58;24.92;66.2;124.68;111.85;105.84;107.56;113.53;103.97;113.27;101.36;108.85;99.67;111.79;107.64;20518471;715214;5498025;4752883;1046069;3751217;3620392;3932937;18563854;1954617;2;3;0;0
32;Ourense;75;304550;146180;158370;48.79;44.05;9.72;51.01;46.23;9.4;46.74;42.04;10.06;4.55;6.82;13.9;74.7;126.36;111.2;103.53;104.9;112.24;104.98;111.89;101.82;105.18;100.66;114.59;108.2;7104228;382289;1392490;682035;426962;1483127;1188820;1553782;6427470;676758;2;2;0;0
33;Asturias;50;1005283;479064;526219;50.66;44.52;12.1;53.97;47.96;11.15;47.67;41.43;13.08;2.75;7.12;14.5;75.62;123.45;111.72;108.57;104.18;112.25;100.89;112.83;101.61;106.93;105.28;111.92;107.76;23549659;306301;4572369;3118701;1392272;4867794;5075288;5092263;21306287;2243372;2;2;0;0
34;Palencia;94;157752;78063;79689;55.27;50.79;8.13;61.64;57.78;6.27;49.13;44.02;10.38;6.75;6.52;21.58;65.2;124.94;111.27;103.66;105.91;111.74;101.78;113.17;101.58;103.29;100.67;112.24;108.84;4303764;348625;1089346;934598;195647;616051;727306;916807;3893782;409982;2;2;0;0
35;Palmas, Las;8;1140258;566072;574186;61.16;52.02;14.95;65.57;56.66;13.58;56.92;47.54;16.48;1.3;6.18;5.03;87.45;126.74;108.68;99.04;101.14;110.11;103.26;112.88;101.53;107.68;105.27;114.97;107.51;22056871;247736;1514492;719414;1273844;6618825;4935073;5365733;19955703;2101168;4;0;0;0
36;Pontevedra;7;944245;455309;488936;54.37;48.44;10.9;59.59;53.66;9.94;49.56;43.63;11.96;4.72;6.7;18.12;70.45;124.65;111.91;102.38;104.43;112.83;104.63;113.25;101.94;105.84;102.33;118.24;109.89;21988329;742360;4744084;4316195;1168637;4885776;4299973;4052861;19893691;2094638;4;2;1;0
37;Salamanca;95;327170;158669;168501;54.24;48.48;10.61;59.1;53.52;9.44;49.71;43.78;11.92;5.75;8.48;8.9;76.88;126.15;110.58;95.56;106.19;109.37;104.86;112.5;101.61;105.76;102.25;115.01;107.83;7289859;348499;851691;518924;410569;1557796;1470694;1956168;6595417;694442;2;2;0;0
38;Santa Cruz de Tenerife;11;1061790;520204;541586;58.18;48.26;17.07;63.21;53.95;14.68;53.38;42.82;19.79;3.28;6.18;5.03;85.5;127.3;108.31;96.9;102.35;112.39;103.27;113.39;102.08;106.41;104.25;114.51;110.11;20786249;483802;1209138;457525;1120681;5416038;4819924;5756540;18806123;1980126;4;1;0;0
39;Cantabria;52;588419;284880;303539;55.01;50.56;8.09;59.56;55.76;6.39;50.74;45.69;9.97;2.07;8.3;15.98;73.62;125.0;112.37;103.07;103.35;109.75;102.2;111.53;102.25;107.32;103.5;113.55;110.21;14022067;185011;2834352;2264179;824530;2693982;3078541;3069890;12686306;1335761;2;3;0;0
40;Segovia;94;155258;77773;77485;59.92;55.08;8.08;64.78;60.76;6.2;55.05;49.4;10.29;9.6;9.72;16.7;64.02;124.61;112.36;108.95;104.1;111.77;101.71;113.52;101.52;107.04;100.76;113.39;107.52;3460982;232663;368098;263149;243548;741167;697627;848181;3131284;329698;2;3;0;0
41;Sevilla;13;1957210;954887;1002323;58.28;48.58;16.64;62.55;53.72;14.11;54.28;43.76;19.37;4.35;5.82;9.8;79.95;125.88;112.31;103.55;99.49;111.8;103.42;112.23;101.47;106.86;104.38;114.9;107.94;40657710;2082124;5575536;3332648;2056824;8375772;8537199;10157146;36784601;3873109;4;0;-1;1
42;Soria;96;89482;45362;44120;57.37;52.76;8.1;60.59;57.38;5.35;54.02;47.96;11.27;9.6;7.9;24.52;58.0;123.65;109.99;104.98;107.98;109.09;101.78;113.34;102.08;107.06;103.55;110.9;107.76;2531565;226938;591689;472628;138512;427380;362182;543704;2290405;241160;2;3;0;0
43;Tarragona;66;847566;422935;424631;58.94;52.48;10.98;63.72;57.41;9.91;54.25;47.65;12.2;3.48;6.85;19.38;70.3;124.7;111.88;100.27;103.59;110.46;101.18;113.19;102.02;108.71;102.42;110.82;108.24;24421364;304144;6058988;4432889;1137251;4775156;5643875;4175538;22094952;2326412;2;3;0;0
44;Teruel;95;135237;68460;66777;57.19;51.8;9.44;59.71;55.28;7.45;54.59;48.21;11.7;9.15;7.0;18.77;65.02;125.46;110.84;107.11;106.21;110.55;102.18;113.67;101.72;107.91;103.1;109.98;107.27;3460089;240062;514273;290373;235976;688024;551729;900412;3130476;329613;2;3;0;0
45;Toledo;57;728496;366012;362484;60.44;52.31;13.44;66.67;60.07;9.9;54.15;44.48;17.82;3.85;9.95;16.2;70.03;126.92;112.31;105.64;106.82;114.03;103.06;111.95;102.36;105.89;104.25;116.04;109.69;13258842;728117;2569685;2074329;897664;2331401;2364247;3104673;11995787;1263055;2;3;0;0
46;Valencia/València;48;2656291;1298685;1357606;60.34;53.19;11.85;65.64;59.07;10.01;55.4;47.71;13.9;1.98;6.57;16.9;74.53;124.57;111.21;101.21;100.74;110.94;103.05;111.91;101.25;106.36;102.82;115.09;108.53;61410589;1216902;11624507;8488474;3179743;13611449;13769682;12158250;55560533;5850056;4;0;-1;1
47;Valladolid;88;521071;253443;267628;55.78;50.77;8.98;61.26;56.88;7.15;50.65;45.06;11.05;5.18;5.52;16.32;73.02;124.95;111.25;105.2;105.14;111.51;101.44;112.2;102.04;107.4;102.95;113.15;107.73;14293892;552661;3213771;2592996;656713;2448567;2781737;3278787;12932236;1361656;2;3;0;0
48;Bizkaia;52;1154306;557537;596769;57.37;52.86;7.88;62.58;58.12;7.13;52.58;48.02;8.7;0.52;5.75;16.15;77.55;124.09;111.38;108.4;102.24;113.12;102.93;110.87;101.8;107.56;104.18;112.42;109.04;35446900;70267;6216317;4877367;2531960;7637754;8394418;7219464;32070180;3376720;2;3;0;0
49;Zamora;98;166366;82418;83948;51.49;44.57;13.42;57.33;50.21;12.39;45.73;39.01;14.69;12.32;8.1;12.25;67.35;128.56;111.01;106.07;104.02;112.6;101.64;113.46;102.33;106.01;100.39;112.86;107.26;3582273;324073;375372;144241;207739;694504;703946;935387;3241021;341252;2;2;0;0
50;Zaragoza;88;977413;477911;499502;59.22;54.4;8.14;63.52;59.84;5.8;55.2;49.32;10.63;3.38;4.72;20.48;71.42;124.35;111.05;104.82;104.17;111.3;104.82;111.17;101.82;106.44;104.73;111.8;108.6;27896994;1038888;6032878;5008856;1284516;5500071;5652200;5730936;25239489;2657505;2;3;0;0
51;Ceuta;0;83039;41894;41145;61.31;44.84;26.87;66.11;52.27;20.94;56.44;37.33;33.81;0.0;4.03;3.92;92.05;125.36;112.85;106.4;100.29;109.11;100.68;112.95;102.8;105.95;101.35;109.35;106.8;1765159;1748;96752;22099;73384;315553;268574;840997;1597008;168151;3;1;-1;1
52;Melilla;0;85491;43047;42444;57.29;43.85;23.45;62.83;48.33;23.06;51.98;39.54;23.9;0.35;2.98;2.5;94.2;129.23;112.23;102.69;100.96;111.71;105.27;113.48;101.62;106.12;103.14;115.38;106.83;1616543;946;68466;14252;73277;269691;266541;783628;1462549;153994;3;1;-1;1
